,Area,Area_code,Area_name,Year,Sex,Age,MYE
38254,Super Data Zones,N21000001,Dunsilly_A,2024,All Persons,All ages,3302
38269,Super Data Zones,N21000002,Dunsilly_B,2024,All Persons,All ages,3129
38284,Super Data Zones,N21000003,Dunsilly_C,2024,All Persons,All ages,2627
38299,Super Data Zones,N21000004,Dunsilly_D,2024,All Persons,All ages,3089
38314,Super Data Zones,N21000005,Dunsilly_E,2024,All Persons,All ages,2145
38329,Super Data Zones,N21000006,Dunsilly_F,2024,All Persons,All ages,4003
38344,Super Data Zones,N21000007,Antrim_A,2024,All Persons,All ages,1755
38359,Super Data Zones,N21000008,Antrim_B,2024,All Persons,All ages,2145
38374,Super Data Zones,N21000009,Antrim_C,2024,All Persons,All ages,2834
38389,Super Data Zones,N21000010,Antrim_D,2024,All Persons,All ages,2433
38404,Super Data Zones,N21000011,Antrim_E,2024,All Persons,All ages,1657
38419,Super Data Zones,N21000012,Antrim_F,2024,All Persons,All ages,2235
38434,Super Data Zones,N21000013,Antrim_G,2024,All Persons,All ages,2132
38449,Super Data Zones,N21000014,Antrim_H,2024,All Persons,All ages,1356
38464,Super Data Zones,N21000015,Antrim_J,2024,All Persons,All ages,2221
38479,Super Data Zones,N21000016,Antrim_K,2024,All Persons,All ages,2207
38494,Super Data Zones,N21000017,Antrim_L,2024,All Persons,All ages,2347
38509,Super Data Zones,N21000018,Antrim_N,2024,All Persons,All ages,1585
38524,Super Data Zones,N21000019,Ballyclare_A,2024,All Persons,All ages,2021
38539,Super Data Zones,N21000020,Ballyclare_B,2024,All Persons,All ages,3092
38554,Super Data Zones,N21000021,Ballyclare_C,2024,All Persons,All ages,2438
38569,Super Data Zones,N21000022,Ballyclare_D,2024,All Persons,All ages,2546
38584,Super Data Zones,N21000023,Ballyclare_E,2024,All Persons,All ages,3173
38599,Super Data Zones,N21000024,Ballyclare_F,2024,All Persons,All ages,3132
38614,Super Data Zones,N21000025,Ballyclare_G,2024,All Persons,All ages,1409
38629,Super Data Zones,N21000026,Ballyclare_H,2024,All Persons,All ages,1677
38644,Super Data Zones,N21000027,Three_Mile_Water_A,2024,All Persons,All ages,2358
38659,Super Data Zones,N21000028,Three_Mile_Water_B,2024,All Persons,All ages,1344
38674,Super Data Zones,N21000029,Three_Mile_Water_C,2024,All Persons,All ages,1978
38689,Super Data Zones,N21000030,Three_Mile_Water_D,2024,All Persons,All ages,1838
38704,Super Data Zones,N21000031,Three_Mile_Water_E,2024,All Persons,All ages,2479
38719,Super Data Zones,N21000032,Three_Mile_Water_F,2024,All Persons,All ages,1844
38734,Super Data Zones,N21000033,Three_Mile_Water_G,2024,All Persons,All ages,3059
38749,Super Data Zones,N21000034,Three_Mile_Water_H,2024,All Persons,All ages,2254
38764,Super Data Zones,N21000035,Three_Mile_Water_J,2024,All Persons,All ages,1475
38779,Super Data Zones,N21000036,Three_Mile_Water_K,2024,All Persons,All ages,2224
38794,Super Data Zones,N21000037,Macedon_A,2024,All Persons,All ages,1671
38809,Super Data Zones,N21000038,Macedon_B,2024,All Persons,All ages,2131
38824,Super Data Zones,N21000039,Macedon_C,2024,All Persons,All ages,2135
38839,Super Data Zones,N21000040,Macedon_D,2024,All Persons,All ages,1812
38854,Super Data Zones,N21000041,Macedon_E,2024,All Persons,All ages,1709
38869,Super Data Zones,N21000042,Macedon_F,2024,All Persons,All ages,1743
38884,Super Data Zones,N21000043,Macedon_G,2024,All Persons,All ages,1890
38899,Super Data Zones,N21000044,Macedon_H,2024,All Persons,All ages,1415
38914,Super Data Zones,N21000045,Macedon_J,2024,All Persons,All ages,1979
38929,Super Data Zones,N21000046,Macedon_K,2024,All Persons,All ages,1880
38944,Super Data Zones,N21000047,Macedon_L,2024,All Persons,All ages,2062
38959,Super Data Zones,N21000048,Glengormley_Urban_A,2024,All Persons,All ages,1518
38974,Super Data Zones,N21000049,Glengormley_Urban_B,2024,All Persons,All ages,2069
38989,Super Data Zones,N21000050,Glengormley_Urban_C,2024,All Persons,All ages,2335
39004,Super Data Zones,N21000051,Glengormley_Urban_D,2024,All Persons,All ages,2126
39019,Super Data Zones,N21000052,Glengormley_Urban_E,2024,All Persons,All ages,1683
39034,Super Data Zones,N21000053,Glengormley_Urban_F,2024,All Persons,All ages,1845
39049,Super Data Zones,N21000054,Glengormley_Urban_G,2024,All Persons,All ages,1785
39064,Super Data Zones,N21000055,Glengormley_Urban_H,2024,All Persons,All ages,1353
39079,Super Data Zones,N21000056,Glengormley_Urban_J,2024,All Persons,All ages,2199
39094,Super Data Zones,N21000057,Glengormley_Urban_K,2024,All Persons,All ages,2045
39109,Super Data Zones,N21000058,Glengormley_Urban_L,2024,All Persons,All ages,2630
39124,Super Data Zones,N21000059,Airport_A,2024,All Persons,All ages,1597
39139,Super Data Zones,N21000060,Airport_B,2024,All Persons,All ages,1809
39154,Super Data Zones,N21000061,Airport_C,2024,All Persons,All ages,2560
39169,Super Data Zones,N21000062,Airport_D,2024,All Persons,All ages,2912
39184,Super Data Zones,N21000063,Airport_E,2024,All Persons,All ages,3123
39199,Super Data Zones,N21000064,Airport_F,2024,All Persons,All ages,2709
39214,Super Data Zones,N21000065,Airport_G,2024,All Persons,All ages,2487
39229,Super Data Zones,N21000066,Airport_H,2024,All Persons,All ages,2918
39244,Super Data Zones,N21000067,Airport_J,2024,All Persons,All ages,2428
39259,Super Data Zones,N21000068,Armagh_A,2024,All Persons,All ages,3795
39274,Super Data Zones,N21000069,Armagh_B,2024,All Persons,All ages,1945
39289,Super Data Zones,N21000070,Armagh_C,2024,All Persons,All ages,3080
39304,Super Data Zones,N21000071,Armagh_D,2024,All Persons,All ages,3508
39319,Super Data Zones,N21000072,Armagh_E,2024,All Persons,All ages,2753
39334,Super Data Zones,N21000073,Armagh_F,2024,All Persons,All ages,2464
39349,Super Data Zones,N21000074,Armagh_G,2024,All Persons,All ages,2981
39364,Super Data Zones,N21000075,Armagh_H,2024,All Persons,All ages,2699
39379,Super Data Zones,N21000076,Armagh_J,2024,All Persons,All ages,3340
39394,Super Data Zones,N21000077,Armagh_K,2024,All Persons,All ages,3624
39409,Super Data Zones,N21000078,Armagh_L,2024,All Persons,All ages,2614
39424,Super Data Zones,N21000079,Portadown_A,2024,All Persons,All ages,3067
39439,Super Data Zones,N21000080,Portadown_B,2024,All Persons,All ages,3043
39454,Super Data Zones,N21000081,Portadown_C,2024,All Persons,All ages,2185
39469,Super Data Zones,N21000082,Portadown_D,2024,All Persons,All ages,2403
39484,Super Data Zones,N21000083,Portadown_E,2024,All Persons,All ages,1963
39499,Super Data Zones,N21000084,Portadown_F,2024,All Persons,All ages,1496
39514,Super Data Zones,N21000085,Portadown_G,2024,All Persons,All ages,2072
39529,Super Data Zones,N21000086,Portadown_H,2024,All Persons,All ages,1787
39544,Super Data Zones,N21000087,Portadown_J,2024,All Persons,All ages,2912
39559,Super Data Zones,N21000088,Portadown_K,2024,All Persons,All ages,2552
39574,Super Data Zones,N21000089,Portadown_L,2024,All Persons,All ages,1983
39589,Super Data Zones,N21000090,Portadown_N,2024,All Persons,All ages,1474
39604,Super Data Zones,N21000091,Portadown_P,2024,All Persons,All ages,1426
39619,Super Data Zones,N21000092,Portadown_Q,2024,All Persons,All ages,2257
39634,Super Data Zones,N21000093,Portadown_R,2024,All Persons,All ages,2845
39649,Super Data Zones,N21000094,Craigavon_A,2024,All Persons,All ages,3075
39664,Super Data Zones,N21000095,Craigavon_B,2024,All Persons,All ages,2656
39679,Super Data Zones,N21000096,Craigavon_C,2024,All Persons,All ages,2104
39694,Super Data Zones,N21000097,Craigavon_D,2024,All Persons,All ages,1716
39709,Super Data Zones,N21000098,Craigavon_E,2024,All Persons,All ages,2713
39724,Super Data Zones,N21000099,Craigavon_F,2024,All Persons,All ages,3358
39739,Super Data Zones,N21000100,Craigavon_G,2024,All Persons,All ages,2320
39754,Super Data Zones,N21000101,Craigavon_H,2024,All Persons,All ages,1899
39769,Super Data Zones,N21000102,Craigavon_J,2024,All Persons,All ages,2721
39784,Super Data Zones,N21000103,Craigavon_K,2024,All Persons,All ages,1366
39799,Super Data Zones,N21000104,Craigavon_L,2024,All Persons,All ages,1677
39814,Super Data Zones,N21000105,Craigavon_N,2024,All Persons,All ages,2750
39829,Super Data Zones,N21000106,Craigavon_P,2024,All Persons,All ages,2020
39844,Super Data Zones,N21000107,Lurgan_A,2024,All Persons,All ages,2842
39859,Super Data Zones,N21000108,Lurgan_B,2024,All Persons,All ages,2474
39874,Super Data Zones,N21000109,Lurgan_C,2024,All Persons,All ages,2463
39889,Super Data Zones,N21000110,Lurgan_D,2024,All Persons,All ages,3009
39904,Super Data Zones,N21000111,Lurgan_E,2024,All Persons,All ages,2872
39919,Super Data Zones,N21000112,Lurgan_F,2024,All Persons,All ages,2790
39934,Super Data Zones,N21000113,Lurgan_G,2024,All Persons,All ages,1568
39949,Super Data Zones,N21000114,Lurgan_H,2024,All Persons,All ages,2096
39964,Super Data Zones,N21000115,Lurgan_J,2024,All Persons,All ages,2389
39979,Super Data Zones,N21000116,Lurgan_K,2024,All Persons,All ages,1810
39994,Super Data Zones,N21000117,Lurgan_L,2024,All Persons,All ages,1466
40009,Super Data Zones,N21000118,Lurgan_N,2024,All Persons,All ages,2202
40024,Super Data Zones,N21000119,Lurgan_P,2024,All Persons,All ages,2320
40039,Super Data Zones,N21000120,Lurgan_Q,2024,All Persons,All ages,1925
40054,Super Data Zones,N21000121,Lurgan_R,2024,All Persons,All ages,2530
40069,Super Data Zones,N21000122,Lurgan_S,2024,All Persons,All ages,2593
40084,Super Data Zones,N21000123,Lurgan_T,2024,All Persons,All ages,1942
40099,Super Data Zones,N21000124,Lagan_River_A,2024,All Persons,All ages,1948
40114,Super Data Zones,N21000125,Lagan_River_B,2024,All Persons,All ages,1890
40129,Super Data Zones,N21000126,Lagan_River_C,2024,All Persons,All ages,1559
40144,Super Data Zones,N21000127,Lagan_River_D,2024,All Persons,All ages,1823
40159,Super Data Zones,N21000128,Lagan_River_E,2024,All Persons,All ages,2007
40174,Super Data Zones,N21000129,Lagan_River_F,2024,All Persons,All ages,2926
40189,Super Data Zones,N21000130,Lagan_River_G,2024,All Persons,All ages,2692
40204,Super Data Zones,N21000131,Lagan_River_H,2024,All Persons,All ages,1638
40219,Super Data Zones,N21000132,Lagan_River_J,2024,All Persons,All ages,1951
40234,Super Data Zones,N21000133,Lagan_River_K,2024,All Persons,All ages,2444
40249,Super Data Zones,N21000134,Lagan_River_L,2024,All Persons,All ages,1378
40264,Super Data Zones,N21000135,Lagan_River_N,2024,All Persons,All ages,2615
40279,Super Data Zones,N21000136,Banbridge_A,2024,All Persons,All ages,2270
40294,Super Data Zones,N21000137,Banbridge_B,2024,All Persons,All ages,1943
40309,Super Data Zones,N21000138,Banbridge_C,2024,All Persons,All ages,1925
40324,Super Data Zones,N21000139,Banbridge_D,2024,All Persons,All ages,3118
40339,Super Data Zones,N21000140,Banbridge_E,2024,All Persons,All ages,2561
40354,Super Data Zones,N21000141,Banbridge_F,2024,All Persons,All ages,2104
40369,Super Data Zones,N21000142,Banbridge_G,2024,All Persons,All ages,1568
40384,Super Data Zones,N21000143,Banbridge_H,2024,All Persons,All ages,2891
40399,Super Data Zones,N21000144,Banbridge_J,2024,All Persons,All ages,2542
40414,Super Data Zones,N21000145,Banbridge_K,2024,All Persons,All ages,3108
40429,Super Data Zones,N21000146,Banbridge_L,2024,All Persons,All ages,3432
40444,Super Data Zones,N21000147,Banbridge_N,2024,All Persons,All ages,2882
40459,Super Data Zones,N21000148,Banbridge_P,2024,All Persons,All ages,2462
40474,Super Data Zones,N21000149,Banbridge_Q,2024,All Persons,All ages,2619
40489,Super Data Zones,N21000150,Cusher_A,2024,All Persons,All ages,1519
40504,Super Data Zones,N21000151,Cusher_B,2024,All Persons,All ages,2653
40519,Super Data Zones,N21000152,Cusher_C,2024,All Persons,All ages,1743
40534,Super Data Zones,N21000153,Cusher_D,2024,All Persons,All ages,1758
40549,Super Data Zones,N21000154,Cusher_E,2024,All Persons,All ages,3163
40564,Super Data Zones,N21000155,Cusher_F,2024,All Persons,All ages,1726
40579,Super Data Zones,N21000156,Cusher_G,2024,All Persons,All ages,2307
40594,Super Data Zones,N21000157,Cusher_H,2024,All Persons,All ages,2568
40609,Super Data Zones,N21000158,Cusher_J,2024,All Persons,All ages,1901
40624,Super Data Zones,N21000159,Cusher_K,2024,All Persons,All ages,3569
40639,Super Data Zones,N21000160,Cusher_L,2024,All Persons,All ages,3372
40654,Super Data Zones,N21000161,Oldpark_A,2024,All Persons,All ages,2735
40669,Super Data Zones,N21000162,Oldpark_B,2024,All Persons,All ages,1719
40684,Super Data Zones,N21000163,Oldpark_C,2024,All Persons,All ages,1903
40699,Super Data Zones,N21000164,Oldpark_D,2024,All Persons,All ages,2294
40714,Super Data Zones,N21000165,Oldpark_E,2024,All Persons,All ages,2350
40729,Super Data Zones,N21000166,Oldpark_F,2024,All Persons,All ages,1566
40744,Super Data Zones,N21000167,Oldpark_G,2024,All Persons,All ages,2103
40759,Super Data Zones,N21000168,Oldpark_H,2024,All Persons,All ages,1535
40774,Super Data Zones,N21000169,Oldpark_J,2024,All Persons,All ages,1414
40789,Super Data Zones,N21000170,Oldpark_K,2024,All Persons,All ages,1877
40804,Super Data Zones,N21000171,Oldpark_L,2024,All Persons,All ages,2313
40819,Super Data Zones,N21000172,Oldpark_N,2024,All Persons,All ages,2352
40834,Super Data Zones,N21000173,Oldpark_P,2024,All Persons,All ages,1311
40849,Super Data Zones,N21000174,Oldpark_Q,2024,All Persons,All ages,2108
40864,Super Data Zones,N21000175,Oldpark_R,2024,All Persons,All ages,2483
40879,Super Data Zones,N21000176,Oldpark_S,2024,All Persons,All ages,1441
40894,Super Data Zones,N21000177,Oldpark_T,2024,All Persons,All ages,1571
40909,Super Data Zones,N21000178,Oldpark_U,2024,All Persons,All ages,1952
40924,Super Data Zones,N21000179,Castle_A,2024,All Persons,All ages,1689
40939,Super Data Zones,N21000180,Castle_B,2024,All Persons,All ages,1930
40954,Super Data Zones,N21000181,Castle_C,2024,All Persons,All ages,1840
40969,Super Data Zones,N21000182,Castle_D,2024,All Persons,All ages,1750
40984,Super Data Zones,N21000183,Castle_E,2024,All Persons,All ages,1597
40999,Super Data Zones,N21000184,Castle_F,2024,All Persons,All ages,1369
41014,Super Data Zones,N21000185,Castle_G,2024,All Persons,All ages,2389
41029,Super Data Zones,N21000186,Castle_H,2024,All Persons,All ages,2381
41044,Super Data Zones,N21000187,Castle_J,2024,All Persons,All ages,2382
41059,Super Data Zones,N21000188,Castle_K,2024,All Persons,All ages,1618
41074,Super Data Zones,N21000189,Castle_L,2024,All Persons,All ages,2070
41089,Super Data Zones,N21000190,Castle_N,2024,All Persons,All ages,1162
41104,Super Data Zones,N21000191,Castle_P,2024,All Persons,All ages,1305
41119,Super Data Zones,N21000192,Castle_Q,2024,All Persons,All ages,2968
41134,Super Data Zones,N21000193,Castle_R,2024,All Persons,All ages,2367
41149,Super Data Zones,N21000194,Castle_S,2024,All Persons,All ages,1589
41164,Super Data Zones,N21000195,Castle_T,2024,All Persons,All ages,2171
41179,Super Data Zones,N21000196,Castle_U,2024,All Persons,All ages,2441
41194,Super Data Zones,N21000197,Titanic_A,2024,All Persons,All ages,1311
41209,Super Data Zones,N21000198,Titanic_B,2024,All Persons,All ages,1894
41224,Super Data Zones,N21000199,Titanic_C,2024,All Persons,All ages,1926
41239,Super Data Zones,N21000200,Titanic_D,2024,All Persons,All ages,2136
41254,Super Data Zones,N21000201,Titanic_E,2024,All Persons,All ages,1558
41269,Super Data Zones,N21000202,Titanic_F,2024,All Persons,All ages,2040
41284,Super Data Zones,N21000203,Titanic_G,2024,All Persons,All ages,1097
41299,Super Data Zones,N21000204,Titanic_H,2024,All Persons,All ages,2383
41314,Super Data Zones,N21000205,Titanic_J,2024,All Persons,All ages,2070
41329,Super Data Zones,N21000206,Titanic_K,2024,All Persons,All ages,1388
41344,Super Data Zones,N21000207,Titanic_L,2024,All Persons,All ages,1740
41359,Super Data Zones,N21000208,Titanic_N,2024,All Persons,All ages,1625
41374,Super Data Zones,N21000209,Titanic_P,2024,All Persons,All ages,1693
41389,Super Data Zones,N21000210,Titanic_Q,2024,All Persons,All ages,1791
41404,Super Data Zones,N21000211,Titanic_R,2024,All Persons,All ages,1935
41419,Super Data Zones,N21000212,Titanic_S,2024,All Persons,All ages,1569
41434,Super Data Zones,N21000213,Titanic_T,2024,All Persons,All ages,1901
41449,Super Data Zones,N21000214,Titanic_U,2024,All Persons,All ages,1200
41464,Super Data Zones,N21000215,Titanic_W,2024,All Persons,All ages,1538
41479,Super Data Zones,N21000216,Titanic_X,2024,All Persons,All ages,1256
41494,Super Data Zones,N21000217,Titanic_Y,2024,All Persons,All ages,1699
41509,Super Data Zones,N21000218,Titanic_Z,2024,All Persons,All ages,1349
41524,Super Data Zones,N21000219,Ormiston_A,2024,All Persons,All ages,1899
41539,Super Data Zones,N21000220,Ormiston_B,2024,All Persons,All ages,2069
41554,Super Data Zones,N21000221,Ormiston_C,2024,All Persons,All ages,2595
41569,Super Data Zones,N21000222,Ormiston_D,2024,All Persons,All ages,2198
41584,Super Data Zones,N21000223,Ormiston_E,2024,All Persons,All ages,1935
41599,Super Data Zones,N21000224,Ormiston_F,2024,All Persons,All ages,2513
41614,Super Data Zones,N21000225,Ormiston_G,2024,All Persons,All ages,2070
41629,Super Data Zones,N21000226,Ormiston_H,2024,All Persons,All ages,1875
41644,Super Data Zones,N21000227,Ormiston_J,2024,All Persons,All ages,1929
41659,Super Data Zones,N21000228,Ormiston_K,2024,All Persons,All ages,1924
41674,Super Data Zones,N21000229,Ormiston_L,2024,All Persons,All ages,2043
41689,Super Data Zones,N21000230,Ormiston_N,2024,All Persons,All ages,2267
41704,Super Data Zones,N21000231,Ormiston_P,2024,All Persons,All ages,2226
41719,Super Data Zones,N21000232,Ormiston_Q,2024,All Persons,All ages,1061
41734,Super Data Zones,N21000233,Ormiston_R,2024,All Persons,All ages,1763
41749,Super Data Zones,N21000234,Ormiston_S,2024,All Persons,All ages,1825
41764,Super Data Zones,N21000235,Ormiston_T,2024,All Persons,All ages,2194
41779,Super Data Zones,N21000236,Lisnasharragh_A,2024,All Persons,All ages,1697
41794,Super Data Zones,N21000237,Lisnasharragh_B,2024,All Persons,All ages,2535
41809,Super Data Zones,N21000238,Lisnasharragh_C,2024,All Persons,All ages,1288
41824,Super Data Zones,N21000239,Lisnasharragh_D,2024,All Persons,All ages,1578
41839,Super Data Zones,N21000240,Lisnasharragh_E,2024,All Persons,All ages,1820
41854,Super Data Zones,N21000241,Lisnasharragh_F,2024,All Persons,All ages,1823
41869,Super Data Zones,N21000242,Lisnasharragh_G,2024,All Persons,All ages,1578
41884,Super Data Zones,N21000243,Lisnasharragh_H,2024,All Persons,All ages,1208
41899,Super Data Zones,N21000244,Lisnasharragh_J,2024,All Persons,All ages,1884
41914,Super Data Zones,N21000245,Lisnasharragh_K,2024,All Persons,All ages,2002
41929,Super Data Zones,N21000246,Lisnasharragh_L,2024,All Persons,All ages,1832
41944,Super Data Zones,N21000247,Lisnasharragh_N,2024,All Persons,All ages,2711
41959,Super Data Zones,N21000248,Lisnasharragh_P,2024,All Persons,All ages,2631
41974,Super Data Zones,N21000249,Lisnasharragh_Q,2024,All Persons,All ages,1824
41989,Super Data Zones,N21000250,Lisnasharragh_R,2024,All Persons,All ages,2383
42004,Super Data Zones,N21000251,Botanic_A,2024,All Persons,All ages,4087
42019,Super Data Zones,N21000252,Botanic_B,2024,All Persons,All ages,1603
42034,Super Data Zones,N21000253,Botanic_C,2024,All Persons,All ages,2613
42049,Super Data Zones,N21000254,Botanic_D,2024,All Persons,All ages,1862
42064,Super Data Zones,N21000255,Botanic_E,2024,All Persons,All ages,2023
42079,Super Data Zones,N21000256,Botanic_F,2024,All Persons,All ages,1999
42094,Super Data Zones,N21000257,Botanic_G,2024,All Persons,All ages,1676
42109,Super Data Zones,N21000258,Botanic_H,2024,All Persons,All ages,3574
42124,Super Data Zones,N21000259,Botanic_J,2024,All Persons,All ages,2432
42139,Super Data Zones,N21000260,Botanic_K,2024,All Persons,All ages,2270
42154,Super Data Zones,N21000261,Botanic_L,2024,All Persons,All ages,2227
42169,Super Data Zones,N21000262,Botanic_N,2024,All Persons,All ages,3365
42184,Super Data Zones,N21000263,Botanic_P,2024,All Persons,All ages,2284
42199,Super Data Zones,N21000264,Botanic_Q,2024,All Persons,All ages,2598
42214,Super Data Zones,N21000265,Botanic_R,2024,All Persons,All ages,2969
42229,Super Data Zones,N21000266,Botanic_S,2024,All Persons,All ages,2223
42244,Super Data Zones,N21000267,Botanic_T,2024,All Persons,All ages,1782
42259,Super Data Zones,N21000268,Botanic_U,2024,All Persons,All ages,1337
42274,Super Data Zones,N21000269,Botanic_W,2024,All Persons,All ages,2348
42289,Super Data Zones,N21000270,Botanic_X,2024,All Persons,All ages,4139
42304,Super Data Zones,N21000271,Botanic_Y,2024,All Persons,All ages,3048
42319,Super Data Zones,N21000272,Botanic_Z,2024,All Persons,All ages,1745
42334,Super Data Zones,N21000273,Balmoral_A,2024,All Persons,All ages,2275
42349,Super Data Zones,N21000274,Balmoral_B,2024,All Persons,All ages,1243
42364,Super Data Zones,N21000275,Balmoral_C,2024,All Persons,All ages,1719
42379,Super Data Zones,N21000276,Balmoral_D,2024,All Persons,All ages,2023
42394,Super Data Zones,N21000277,Balmoral_E,2024,All Persons,All ages,2249
42409,Super Data Zones,N21000278,Balmoral_F,2024,All Persons,All ages,1969
42424,Super Data Zones,N21000279,Balmoral_G,2024,All Persons,All ages,1921
42439,Super Data Zones,N21000280,Balmoral_H,2024,All Persons,All ages,1512
42454,Super Data Zones,N21000281,Balmoral_J,2024,All Persons,All ages,2166
42469,Super Data Zones,N21000282,Balmoral_K,2024,All Persons,All ages,1442
42484,Super Data Zones,N21000283,Balmoral_L,2024,All Persons,All ages,2036
42499,Super Data Zones,N21000284,Balmoral_N,2024,All Persons,All ages,2034
42514,Super Data Zones,N21000285,Balmoral_P,2024,All Persons,All ages,1886
42529,Super Data Zones,N21000286,Collin_A,2024,All Persons,All ages,1702
42544,Super Data Zones,N21000287,Collin_B,2024,All Persons,All ages,2991
42559,Super Data Zones,N21000288,Collin_C,2024,All Persons,All ages,1872
42574,Super Data Zones,N21000289,Collin_D,2024,All Persons,All ages,2312
42589,Super Data Zones,N21000290,Collin_E,2024,All Persons,All ages,2212
42604,Super Data Zones,N21000291,Collin_F,2024,All Persons,All ages,1800
42619,Super Data Zones,N21000292,Collin_G,2024,All Persons,All ages,2673
42634,Super Data Zones,N21000293,Collin_H,2024,All Persons,All ages,2804
42649,Super Data Zones,N21000294,Collin_J,2024,All Persons,All ages,2137
42664,Super Data Zones,N21000295,Collin_K,2024,All Persons,All ages,2147
42679,Super Data Zones,N21000296,Collin_L,2024,All Persons,All ages,2119
42694,Super Data Zones,N21000297,Collin_N,2024,All Persons,All ages,2655
42709,Super Data Zones,N21000298,Collin_P,2024,All Persons,All ages,2422
42724,Super Data Zones,N21000299,Collin_Q,2024,All Persons,All ages,2336
42739,Super Data Zones,N21000300,Collin_R,2024,All Persons,All ages,1822
42754,Super Data Zones,N21000301,Black_Mountain_A,2024,All Persons,All ages,3077
42769,Super Data Zones,N21000302,Black_Mountain_B,2024,All Persons,All ages,2089
42784,Super Data Zones,N21000303,Black_Mountain_C,2024,All Persons,All ages,1877
42799,Super Data Zones,N21000304,Black_Mountain_D,2024,All Persons,All ages,2659
42814,Super Data Zones,N21000305,Black_Mountain_E,2024,All Persons,All ages,2311
42829,Super Data Zones,N21000306,Black_Mountain_F,2024,All Persons,All ages,2332
42844,Super Data Zones,N21000307,Black_Mountain_G,2024,All Persons,All ages,2784
42859,Super Data Zones,N21000308,Black_Mountain_H,2024,All Persons,All ages,2204
42874,Super Data Zones,N21000309,Black_Mountain_J,2024,All Persons,All ages,2568
42889,Super Data Zones,N21000310,Black_Mountain_K,2024,All Persons,All ages,1932
42904,Super Data Zones,N21000311,Black_Mountain_L,2024,All Persons,All ages,2390
42919,Super Data Zones,N21000312,Black_Mountain_N,2024,All Persons,All ages,2310
42934,Super Data Zones,N21000313,Black_Mountain_P,2024,All Persons,All ages,2512
42949,Super Data Zones,N21000314,Black_Mountain_Q,2024,All Persons,All ages,1673
42964,Super Data Zones,N21000315,Black_Mountain_R,2024,All Persons,All ages,2608
42979,Super Data Zones,N21000316,Court_A,2024,All Persons,All ages,1587
42994,Super Data Zones,N21000317,Court_B,2024,All Persons,All ages,1961
43009,Super Data Zones,N21000318,Court_C,2024,All Persons,All ages,1624
43024,Super Data Zones,N21000319,Court_D,2024,All Persons,All ages,1690
43039,Super Data Zones,N21000320,Court_E,2024,All Persons,All ages,2434
43054,Super Data Zones,N21000321,Court_F,2024,All Persons,All ages,1267
43069,Super Data Zones,N21000322,Court_G,2024,All Persons,All ages,1342
43084,Super Data Zones,N21000323,Court_H,2024,All Persons,All ages,1893
43099,Super Data Zones,N21000324,Court_J,2024,All Persons,All ages,2006
43114,Super Data Zones,N21000325,Court_K,2024,All Persons,All ages,1689
43129,Super Data Zones,N21000326,Court_L,2024,All Persons,All ages,1413
43144,Super Data Zones,N21000327,Court_N,2024,All Persons,All ages,1650
43159,Super Data Zones,N21000328,Court_P,2024,All Persons,All ages,1522
43174,Super Data Zones,N21000329,Court_Q,2024,All Persons,All ages,1280
43189,Super Data Zones,N21000330,Court_R,2024,All Persons,All ages,1582
43204,Super Data Zones,N21000331,Court_S,2024,All Persons,All ages,2137
43219,Super Data Zones,N21000332,Court_T,2024,All Persons,All ages,1417
43234,Super Data Zones,N21000333,Court_U,2024,All Persons,All ages,1284
43249,Super Data Zones,N21000334,Court_W,2024,All Persons,All ages,2070
43264,Super Data Zones,N21000335,Court_X,2024,All Persons,All ages,2221
43279,Super Data Zones,N21000336,Benbradagh_A,2024,All Persons,All ages,3005
43294,Super Data Zones,N21000337,Benbradagh_B,2024,All Persons,All ages,1979
43309,Super Data Zones,N21000338,Benbradagh_C,2024,All Persons,All ages,1455
43324,Super Data Zones,N21000339,Benbradagh_D,2024,All Persons,All ages,3013
43339,Super Data Zones,N21000340,Benbradagh_E,2024,All Persons,All ages,3350
43354,Super Data Zones,N21000341,Benbradagh_F,2024,All Persons,All ages,3344
43369,Super Data Zones,N21000342,Benbradagh_G,2024,All Persons,All ages,1900
43384,Super Data Zones,N21000343,Limavady_A,2024,All Persons,All ages,2882
43399,Super Data Zones,N21000344,Limavady_B,2024,All Persons,All ages,1297
43414,Super Data Zones,N21000345,Limavady_C,2024,All Persons,All ages,2239
43429,Super Data Zones,N21000346,Limavady_D,2024,All Persons,All ages,3201
43444,Super Data Zones,N21000347,Limavady_E,2024,All Persons,All ages,2723
43459,Super Data Zones,N21000348,Limavady_F,2024,All Persons,All ages,2175
43474,Super Data Zones,N21000349,Limavady_G,2024,All Persons,All ages,1877
43489,Super Data Zones,N21000350,Bann_A,2024,All Persons,All ages,1137
43504,Super Data Zones,N21000351,Bann_B,2024,All Persons,All ages,2756
43519,Super Data Zones,N21000352,Bann_C,2024,All Persons,All ages,2460
43534,Super Data Zones,N21000353,Bann_D,2024,All Persons,All ages,3477
43549,Super Data Zones,N21000354,Bann_E,2024,All Persons,All ages,1889
43564,Super Data Zones,N21000355,Bann_F,2024,All Persons,All ages,1290
43579,Super Data Zones,N21000356,Bann_G,2024,All Persons,All ages,2851
43594,Super Data Zones,N21000357,Bann_H,2024,All Persons,All ages,1681
43609,Super Data Zones,N21000358,Coleraine_A,2024,All Persons,All ages,2787
43624,Super Data Zones,N21000359,Coleraine_B,2024,All Persons,All ages,2909
43639,Super Data Zones,N21000360,Coleraine_C,2024,All Persons,All ages,2763
43654,Super Data Zones,N21000361,Coleraine_D,2024,All Persons,All ages,1300
43669,Super Data Zones,N21000362,Coleraine_E,2024,All Persons,All ages,1894
43684,Super Data Zones,N21000363,Coleraine_F,2024,All Persons,All ages,2294
43699,Super Data Zones,N21000364,Coleraine_G,2024,All Persons,All ages,2238
43714,Super Data Zones,N21000365,Coleraine_H,2024,All Persons,All ages,2780
43729,Super Data Zones,N21000366,Coleraine_J,2024,All Persons,All ages,2782
43744,Super Data Zones,N21000367,Coleraine_K,2024,All Persons,All ages,2153
43759,Super Data Zones,N21000368,Causeway_A,2024,All Persons,All ages,1396
43774,Super Data Zones,N21000369,Causeway_B,2024,All Persons,All ages,1191
43789,Super Data Zones,N21000370,Causeway_C,2024,All Persons,All ages,1201
43804,Super Data Zones,N21000371,Causeway_D,2024,All Persons,All ages,1742
43819,Super Data Zones,N21000372,Causeway_E,2024,All Persons,All ages,3052
43834,Super Data Zones,N21000373,Causeway_F,2024,All Persons,All ages,1986
43849,Super Data Zones,N21000374,Causeway_G,2024,All Persons,All ages,2524
43864,Super Data Zones,N21000375,Causeway_H,2024,All Persons,All ages,3010
43879,Super Data Zones,N21000376,Causeway_J,2024,All Persons,All ages,1983
43894,Super Data Zones,N21000377,Causeway_K,2024,All Persons,All ages,3195
43909,Super Data Zones,N21000378,Causeway_L,2024,All Persons,All ages,2915
43924,Super Data Zones,N21000379,The_Glens_A,2024,All Persons,All ages,2978
43939,Super Data Zones,N21000380,The_Glens_B,2024,All Persons,All ages,2667
43954,Super Data Zones,N21000381,The_Glens_C,2024,All Persons,All ages,2862
43969,Super Data Zones,N21000382,The_Glens_D,2024,All Persons,All ages,1849
43984,Super Data Zones,N21000383,The_Glens_E,2024,All Persons,All ages,1865
43999,Super Data Zones,N21000384,The_Glens_F,2024,All Persons,All ages,3133
44014,Super Data Zones,N21000385,The_Glens_G,2024,All Persons,All ages,1989
44029,Super Data Zones,N21000386,Ballymoney_A,2024,All Persons,All ages,2539
44044,Super Data Zones,N21000387,Ballymoney_B,2024,All Persons,All ages,2358
44059,Super Data Zones,N21000388,Ballymoney_C,2024,All Persons,All ages,2199
44074,Super Data Zones,N21000389,Ballymoney_D,2024,All Persons,All ages,2027
44089,Super Data Zones,N21000390,Ballymoney_E,2024,All Persons,All ages,2167
44104,Super Data Zones,N21000391,Ballymoney_F,2024,All Persons,All ages,2420
44119,Super Data Zones,N21000392,Ballymoney_G,2024,All Persons,All ages,1744
44134,Super Data Zones,N21000393,Ballymoney_H,2024,All Persons,All ages,3254
44149,Super Data Zones,N21000394,Ballymoney_J,2024,All Persons,All ages,1207
44164,Super Data Zones,N21000395,Ballymoney_K,2024,All Persons,All ages,3298
44179,Super Data Zones,N21000396,Ballymoney_L,2024,All Persons,All ages,1323
44194,Super Data Zones,N21000397,The_Moor_A,2024,All Persons,All ages,2491
44209,Super Data Zones,N21000398,The_Moor_B,2024,All Persons,All ages,2841
44224,Super Data Zones,N21000399,The_Moor_C,2024,All Persons,All ages,1298
44239,Super Data Zones,N21000400,The_Moor_D,2024,All Persons,All ages,3035
44254,Super Data Zones,N21000401,The_Moor_E,2024,All Persons,All ages,1481
44269,Super Data Zones,N21000402,The_Moor_F,2024,All Persons,All ages,2246
44284,Super Data Zones,N21000403,The_Moor_G,2024,All Persons,All ages,1723
44299,Super Data Zones,N21000404,The_Moor_H,2024,All Persons,All ages,2000
44314,Super Data Zones,N21000405,Foyleside_A,2024,All Persons,All ages,2883
44329,Super Data Zones,N21000406,Foyleside_B,2024,All Persons,All ages,2102
44344,Super Data Zones,N21000407,Foyleside_C,2024,All Persons,All ages,2416
44359,Super Data Zones,N21000408,Foyleside_D,2024,All Persons,All ages,3439
44374,Super Data Zones,N21000409,Foyleside_E,2024,All Persons,All ages,3194
44389,Super Data Zones,N21000410,Foyleside_F,2024,All Persons,All ages,1751
44404,Super Data Zones,N21000411,Foyleside_G,2024,All Persons,All ages,2140
44419,Super Data Zones,N21000412,Ballyarnett_A,2024,All Persons,All ages,2683
44434,Super Data Zones,N21000413,Ballyarnett_B,2024,All Persons,All ages,2664
44449,Super Data Zones,N21000414,Ballyarnett_C,2024,All Persons,All ages,1537
44464,Super Data Zones,N21000415,Ballyarnett_D,2024,All Persons,All ages,3119
44479,Super Data Zones,N21000416,Ballyarnett_E,2024,All Persons,All ages,2303
44494,Super Data Zones,N21000417,Ballyarnett_F,2024,All Persons,All ages,1979
44509,Super Data Zones,N21000418,Ballyarnett_G,2024,All Persons,All ages,2781
44524,Super Data Zones,N21000419,Ballyarnett_H,2024,All Persons,All ages,1873
44539,Super Data Zones,N21000420,Ballyarnett_J,2024,All Persons,All ages,2248
44554,Super Data Zones,N21000421,Ballyarnett_K,2024,All Persons,All ages,2295
44569,Super Data Zones,N21000422,Ballyarnett_L,2024,All Persons,All ages,2394
44584,Super Data Zones,N21000423,Waterside_A,2024,All Persons,All ages,2425
44599,Super Data Zones,N21000424,Waterside_B,2024,All Persons,All ages,2014
44614,Super Data Zones,N21000425,Waterside_C,2024,All Persons,All ages,2560
44629,Super Data Zones,N21000426,Waterside_D,2024,All Persons,All ages,2047
44644,Super Data Zones,N21000427,Waterside_E,2024,All Persons,All ages,2228
44659,Super Data Zones,N21000428,Waterside_F,2024,All Persons,All ages,2193
44674,Super Data Zones,N21000429,Waterside_G,2024,All Persons,All ages,2237
44689,Super Data Zones,N21000430,Waterside_H,2024,All Persons,All ages,2115
44704,Super Data Zones,N21000431,Waterside_J,2024,All Persons,All ages,2643
44719,Super Data Zones,N21000432,Waterside_K,2024,All Persons,All ages,2547
44734,Super Data Zones,N21000433,Waterside_L,2024,All Persons,All ages,2322
44749,Super Data Zones,N21000434,Waterside_N,2024,All Persons,All ages,2147
44764,Super Data Zones,N21000435,Waterside_P,2024,All Persons,All ages,2414
44779,Super Data Zones,N21000436,Faughan_A,2024,All Persons,All ages,2618
44794,Super Data Zones,N21000437,Faughan_B,2024,All Persons,All ages,1165
44809,Super Data Zones,N21000438,Faughan_C,2024,All Persons,All ages,2310
44824,Super Data Zones,N21000439,Faughan_D,2024,All Persons,All ages,2684
44839,Super Data Zones,N21000440,Faughan_E,2024,All Persons,All ages,3359
44854,Super Data Zones,N21000441,Faughan_F,2024,All Persons,All ages,2867
44869,Super Data Zones,N21000442,Faughan_G,2024,All Persons,All ages,2952
44884,Super Data Zones,N21000443,Faughan_H,2024,All Persons,All ages,1414
44899,Super Data Zones,N21000444,Sperrin_A,2024,All Persons,All ages,2097
44914,Super Data Zones,N21000445,Sperrin_B,2024,All Persons,All ages,2983
44929,Super Data Zones,N21000446,Sperrin_C,2024,All Persons,All ages,2525
44944,Super Data Zones,N21000447,Sperrin_D,2024,All Persons,All ages,2955
44959,Super Data Zones,N21000448,Sperrin_E,2024,All Persons,All ages,1308
44974,Super Data Zones,N21000449,Sperrin_F,2024,All Persons,All ages,3010
44989,Super Data Zones,N21000450,Sperrin_G,2024,All Persons,All ages,2660
45004,Super Data Zones,N21000451,Sperrin_H,2024,All Persons,All ages,2755
45019,Super Data Zones,N21000452,Sperrin_J,2024,All Persons,All ages,1501
45034,Super Data Zones,N21000453,Sperrin_K,2024,All Persons,All ages,2727
45049,Super Data Zones,N21000454,Derg_A,2024,All Persons,All ages,2082
45064,Super Data Zones,N21000455,Derg_B,2024,All Persons,All ages,1937
45079,Super Data Zones,N21000456,Derg_C,2024,All Persons,All ages,2409
45094,Super Data Zones,N21000457,Derg_D,2024,All Persons,All ages,1889
45109,Super Data Zones,N21000458,Derg_E,2024,All Persons,All ages,1405
45124,Super Data Zones,N21000459,Derg_F,2024,All Persons,All ages,3060
45139,Super Data Zones,N21000460,Derg_G,2024,All Persons,All ages,1954
45154,Super Data Zones,N21000461,Derg_H,2024,All Persons,All ages,2935
45169,Super Data Zones,N21000462,Erne_East_A,2024,All Persons,All ages,2800
45184,Super Data Zones,N21000463,Erne_East_B,2024,All Persons,All ages,2828
45199,Super Data Zones,N21000464,Erne_East_C,2024,All Persons,All ages,1928
45214,Super Data Zones,N21000465,Erne_East_D,2024,All Persons,All ages,3011
45229,Super Data Zones,N21000466,Erne_East_E,2024,All Persons,All ages,2797
45244,Super Data Zones,N21000467,Erne_East_F,2024,All Persons,All ages,2539
45259,Super Data Zones,N21000468,Erne_West_A,2024,All Persons,All ages,2217
45274,Super Data Zones,N21000469,Erne_West_B,2024,All Persons,All ages,1578
45289,Super Data Zones,N21000470,Erne_West_C,2024,All Persons,All ages,2937
45304,Super Data Zones,N21000471,Erne_West_D,2024,All Persons,All ages,2737
45319,Super Data Zones,N21000472,Erne_West_E,2024,All Persons,All ages,2427
45334,Super Data Zones,N21000473,Erne_West_F,2024,All Persons,All ages,2720
45349,Super Data Zones,N21000474,Enniskillen_A,2024,All Persons,All ages,1958
45364,Super Data Zones,N21000475,Enniskillen_B,2024,All Persons,All ages,2711
45379,Super Data Zones,N21000476,Enniskillen_C,2024,All Persons,All ages,2217
45394,Super Data Zones,N21000477,Enniskillen_D,2024,All Persons,All ages,2484
45409,Super Data Zones,N21000478,Enniskillen_E,2024,All Persons,All ages,1662
45424,Super Data Zones,N21000479,Enniskillen_F,2024,All Persons,All ages,2495
45439,Super Data Zones,N21000480,Enniskillen_G,2024,All Persons,All ages,2905
45454,Super Data Zones,N21000481,Enniskillen_H,2024,All Persons,All ages,2293
45469,Super Data Zones,N21000482,Erne_North_A,2024,All Persons,All ages,2312
45484,Super Data Zones,N21000483,Erne_North_B,2024,All Persons,All ages,2451
45499,Super Data Zones,N21000484,Erne_North_C,2024,All Persons,All ages,1779
45514,Super Data Zones,N21000485,Erne_North_D,2024,All Persons,All ages,2414
45529,Super Data Zones,N21000486,Erne_North_E,2024,All Persons,All ages,1374
45544,Super Data Zones,N21000487,Erne_North_F,2024,All Persons,All ages,2655
45559,Super Data Zones,N21000488,Erne_North_G,2024,All Persons,All ages,2148
45574,Super Data Zones,N21000489,West_Tyrone_A,2024,All Persons,All ages,2468
45589,Super Data Zones,N21000490,West_Tyrone_B,2024,All Persons,All ages,1678
45604,Super Data Zones,N21000491,West_Tyrone_C,2024,All Persons,All ages,2966
45619,Super Data Zones,N21000492,West_Tyrone_D,2024,All Persons,All ages,1268
45634,Super Data Zones,N21000493,West_Tyrone_E,2024,All Persons,All ages,2770
45649,Super Data Zones,N21000494,West_Tyrone_F,2024,All Persons,All ages,2896
45664,Super Data Zones,N21000495,West_Tyrone_G,2024,All Persons,All ages,2607
45679,Super Data Zones,N21000496,Omagh_A,2024,All Persons,All ages,3229
45694,Super Data Zones,N21000497,Omagh_B,2024,All Persons,All ages,1270
45709,Super Data Zones,N21000498,Omagh_C,2024,All Persons,All ages,2803
45724,Super Data Zones,N21000499,Omagh_D,2024,All Persons,All ages,1951
45739,Super Data Zones,N21000500,Omagh_E,2024,All Persons,All ages,2538
45754,Super Data Zones,N21000501,Omagh_F,2024,All Persons,All ages,1682
45769,Super Data Zones,N21000502,Omagh_G,2024,All Persons,All ages,2467
45784,Super Data Zones,N21000503,Omagh_H,2024,All Persons,All ages,3020
45799,Super Data Zones,N21000504,Mid_Tyrone_A,2024,All Persons,All ages,3003
45814,Super Data Zones,N21000505,Mid_Tyrone_B,2024,All Persons,All ages,2845
45829,Super Data Zones,N21000506,Mid_Tyrone_C,2024,All Persons,All ages,1968
45844,Super Data Zones,N21000507,Mid_Tyrone_D,2024,All Persons,All ages,2731
45859,Super Data Zones,N21000508,Mid_Tyrone_E,2024,All Persons,All ages,3165
45874,Super Data Zones,N21000509,Mid_Tyrone_F,2024,All Persons,All ages,1815
45889,Super Data Zones,N21000510,Mid_Tyrone_G,2024,All Persons,All ages,2163
45904,Super Data Zones,N21000511,Downshire_West_A,2024,All Persons,All ages,2750
45919,Super Data Zones,N21000512,Downshire_West_B,2024,All Persons,All ages,2941
45934,Super Data Zones,N21000513,Downshire_West_C,2024,All Persons,All ages,2730
45949,Super Data Zones,N21000514,Downshire_West_D,2024,All Persons,All ages,2329
45964,Super Data Zones,N21000515,Downshire_West_E,2024,All Persons,All ages,1734
45979,Super Data Zones,N21000516,Downshire_West_F,2024,All Persons,All ages,1683
45994,Super Data Zones,N21000517,Downshire_West_G,2024,All Persons,All ages,3435
46009,Super Data Zones,N21000518,Killultagh_A,2024,All Persons,All ages,2440
46024,Super Data Zones,N21000519,Killultagh_B,2024,All Persons,All ages,2690
46039,Super Data Zones,N21000520,Killultagh_C,2024,All Persons,All ages,3191
46054,Super Data Zones,N21000521,Killultagh_D,2024,All Persons,All ages,2289
46069,Super Data Zones,N21000522,Killultagh_E,2024,All Persons,All ages,3412
46084,Super Data Zones,N21000523,Killultagh_F,2024,All Persons,All ages,2205
46099,Super Data Zones,N21000524,Killultagh_G,2024,All Persons,All ages,2909
46114,Super Data Zones,N21000525,Killultagh_H,2024,All Persons,All ages,3221
46129,Super Data Zones,N21000526,Lisburn_South_A,2024,All Persons,All ages,1435
46144,Super Data Zones,N21000527,Lisburn_South_B,2024,All Persons,All ages,2415
46159,Super Data Zones,N21000528,Lisburn_South_C,2024,All Persons,All ages,2816
46174,Super Data Zones,N21000529,Lisburn_South_D,2024,All Persons,All ages,1953
46189,Super Data Zones,N21000530,Lisburn_South_E,2024,All Persons,All ages,3604
46204,Super Data Zones,N21000531,Lisburn_South_F,2024,All Persons,All ages,1386
46219,Super Data Zones,N21000532,Lisburn_South_G,2024,All Persons,All ages,3371
46234,Super Data Zones,N21000533,Lisburn_South_H,2024,All Persons,All ages,2512
46249,Super Data Zones,N21000534,Lisburn_South_J,2024,All Persons,All ages,2346
46264,Super Data Zones,N21000535,Lisburn_South_K,2024,All Persons,All ages,2581
46279,Super Data Zones,N21000536,Lisburn_North_A,2024,All Persons,All ages,1355
46294,Super Data Zones,N21000537,Lisburn_North_B,2024,All Persons,All ages,1653
46309,Super Data Zones,N21000538,Lisburn_North_C,2024,All Persons,All ages,3045
46324,Super Data Zones,N21000539,Lisburn_North_D,2024,All Persons,All ages,2261
46339,Super Data Zones,N21000540,Lisburn_North_E,2024,All Persons,All ages,2290
46354,Super Data Zones,N21000541,Lisburn_North_F,2024,All Persons,All ages,3057
46369,Super Data Zones,N21000542,Lisburn_North_G,2024,All Persons,All ages,3626
46384,Super Data Zones,N21000543,Lisburn_North_H,2024,All Persons,All ages,2172
46399,Super Data Zones,N21000544,Lisburn_North_J,2024,All Persons,All ages,2225
46414,Super Data Zones,N21000545,Lisburn_North_K,2024,All Persons,All ages,2291
46429,Super Data Zones,N21000546,Downshire_East_A,2024,All Persons,All ages,3276
46444,Super Data Zones,N21000547,Downshire_East_B,2024,All Persons,All ages,1648
46459,Super Data Zones,N21000548,Downshire_East_C,2024,All Persons,All ages,1946
46474,Super Data Zones,N21000549,Downshire_East_D,2024,All Persons,All ages,2376
46489,Super Data Zones,N21000550,Downshire_East_E,2024,All Persons,All ages,3404
46504,Super Data Zones,N21000551,Downshire_East_F,2024,All Persons,All ages,2179
46519,Super Data Zones,N21000552,Downshire_East_G,2024,All Persons,All ages,2056
46534,Super Data Zones,N21000553,Castlereagh_South_A,2024,All Persons,All ages,2600
46549,Super Data Zones,N21000554,Castlereagh_South_B,2024,All Persons,All ages,3033
46564,Super Data Zones,N21000555,Castlereagh_South_C,2024,All Persons,All ages,2127
46579,Super Data Zones,N21000556,Castlereagh_South_D,2024,All Persons,All ages,2824
46594,Super Data Zones,N21000557,Castlereagh_South_E,2024,All Persons,All ages,3655
46609,Super Data Zones,N21000558,Castlereagh_South_F,2024,All Persons,All ages,1668
46624,Super Data Zones,N21000559,Castlereagh_South_G,2024,All Persons,All ages,2163
46639,Super Data Zones,N21000560,Castlereagh_South_H,2024,All Persons,All ages,2379
46654,Super Data Zones,N21000561,Castlereagh_South_J,2024,All Persons,All ages,3396
46669,Super Data Zones,N21000562,Castlereagh_East_A,2024,All Persons,All ages,2495
46684,Super Data Zones,N21000563,Castlereagh_East_B,2024,All Persons,All ages,2529
46699,Super Data Zones,N21000564,Castlereagh_East_C,2024,All Persons,All ages,2434
46714,Super Data Zones,N21000565,Castlereagh_East_D,2024,All Persons,All ages,1967
46729,Super Data Zones,N21000566,Castlereagh_East_E,2024,All Persons,All ages,1953
46744,Super Data Zones,N21000567,Castlereagh_East_F,2024,All Persons,All ages,2231
46759,Super Data Zones,N21000568,Castlereagh_East_G,2024,All Persons,All ages,2286
46774,Super Data Zones,N21000569,Castlereagh_East_H,2024,All Persons,All ages,2859
46789,Super Data Zones,N21000570,Castlereagh_East_J,2024,All Persons,All ages,2181
46804,Super Data Zones,N21000571,Castlereagh_East_K,2024,All Persons,All ages,1653
46819,Super Data Zones,N21000572,Bannside_A,2024,All Persons,All ages,2380
46834,Super Data Zones,N21000573,Bannside_B,2024,All Persons,All ages,2755
46849,Super Data Zones,N21000574,Bannside_C,2024,All Persons,All ages,2255
46864,Super Data Zones,N21000575,Bannside_D,2024,All Persons,All ages,1444
46879,Super Data Zones,N21000576,Bannside_E,2024,All Persons,All ages,3067
46894,Super Data Zones,N21000577,Bannside_F,2024,All Persons,All ages,1877
46909,Super Data Zones,N21000578,Bannside_G,2024,All Persons,All ages,1682
46924,Super Data Zones,N21000579,Bannside_H,2024,All Persons,All ages,2301
46939,Super Data Zones,N21000580,Bannside_J,2024,All Persons,All ages,2551
46954,Super Data Zones,N21000581,Ballymena_A,2024,All Persons,All ages,1922
46969,Super Data Zones,N21000582,Ballymena_B,2024,All Persons,All ages,2903
46984,Super Data Zones,N21000583,Ballymena_C,2024,All Persons,All ages,2501
46999,Super Data Zones,N21000584,Ballymena_D,2024,All Persons,All ages,2696
47014,Super Data Zones,N21000585,Ballymena_E,2024,All Persons,All ages,2600
47029,Super Data Zones,N21000586,Ballymena_F,2024,All Persons,All ages,2745
47044,Super Data Zones,N21000587,Ballymena_G,2024,All Persons,All ages,2637
47059,Super Data Zones,N21000588,Ballymena_H,2024,All Persons,All ages,2325
47074,Super Data Zones,N21000589,Ballymena_J,2024,All Persons,All ages,1183
47089,Super Data Zones,N21000590,Ballymena_K,2024,All Persons,All ages,2845
47104,Super Data Zones,N21000591,Braid_A,2024,All Persons,All ages,2876
47119,Super Data Zones,N21000592,Braid_B,2024,All Persons,All ages,2148
47134,Super Data Zones,N21000593,Braid_C,2024,All Persons,All ages,3491
47149,Super Data Zones,N21000594,Braid_D,2024,All Persons,All ages,1379
47164,Super Data Zones,N21000595,Braid_E,2024,All Persons,All ages,1747
47179,Super Data Zones,N21000596,Braid_F,2024,All Persons,All ages,3298
47194,Super Data Zones,N21000597,Braid_G,2024,All Persons,All ages,2422
47209,Super Data Zones,N21000598,Braid_H,2024,All Persons,All ages,3480
47224,Super Data Zones,N21000599,Braid_J,2024,All Persons,All ages,1135
47239,Super Data Zones,N21000600,Braid_K,2024,All Persons,All ages,2193
47254,Super Data Zones,N21000601,Coast_Road_A,2024,All Persons,All ages,1390
47269,Super Data Zones,N21000602,Coast_Road_B,2024,All Persons,All ages,1218
47284,Super Data Zones,N21000603,Coast_Road_C,2024,All Persons,All ages,1872
47299,Super Data Zones,N21000604,Coast_Road_D,2024,All Persons,All ages,2072
47314,Super Data Zones,N21000605,Coast_Road_E,2024,All Persons,All ages,1983
47329,Super Data Zones,N21000606,Coast_Road_F,2024,All Persons,All ages,2423
47344,Super Data Zones,N21000607,Coast_Road_G,2024,All Persons,All ages,1933
47359,Super Data Zones,N21000608,Coast_Road_H,2024,All Persons,All ages,2153
47374,Super Data Zones,N21000609,Coast_Road_J,2024,All Persons,All ages,1735
47389,Super Data Zones,N21000610,Larne_Lough_A,2024,All Persons,All ages,1232
47404,Super Data Zones,N21000611,Larne_Lough_B,2024,All Persons,All ages,2156
47419,Super Data Zones,N21000612,Larne_Lough_C,2024,All Persons,All ages,3273
47434,Super Data Zones,N21000613,Larne_Lough_D,2024,All Persons,All ages,2291
47449,Super Data Zones,N21000614,Larne_Lough_E,2024,All Persons,All ages,2024
47464,Super Data Zones,N21000615,Larne_Lough_F,2024,All Persons,All ages,2459
47479,Super Data Zones,N21000616,Larne_Lough_G,2024,All Persons,All ages,1496
47494,Super Data Zones,N21000617,Larne_Lough_H,2024,All Persons,All ages,1345
47509,Super Data Zones,N21000618,Larne_Lough_J,2024,All Persons,All ages,2125
47524,Super Data Zones,N21000619,Carrick_Castle_A,2024,All Persons,All ages,2459
47539,Super Data Zones,N21000620,Carrick_Castle_B,2024,All Persons,All ages,1833
47554,Super Data Zones,N21000621,Carrick_Castle_C,2024,All Persons,All ages,2605
47569,Super Data Zones,N21000622,Carrick_Castle_D,2024,All Persons,All ages,2198
47584,Super Data Zones,N21000623,Carrick_Castle_E,2024,All Persons,All ages,2545
47599,Super Data Zones,N21000624,Carrick_Castle_F,2024,All Persons,All ages,2067
47614,Super Data Zones,N21000625,Carrick_Castle_G,2024,All Persons,All ages,1843
47629,Super Data Zones,N21000626,Carrick_Castle_H,2024,All Persons,All ages,1259
47644,Super Data Zones,N21000627,Carrick_Castle_J,2024,All Persons,All ages,1624
47659,Super Data Zones,N21000628,Knockagh_A,2024,All Persons,All ages,1579
47674,Super Data Zones,N21000629,Knockagh_B,2024,All Persons,All ages,1702
47689,Super Data Zones,N21000630,Knockagh_C,2024,All Persons,All ages,2204
47704,Super Data Zones,N21000631,Knockagh_D,2024,All Persons,All ages,1429
47719,Super Data Zones,N21000632,Knockagh_E,2024,All Persons,All ages,1568
47734,Super Data Zones,N21000633,Knockagh_F,2024,All Persons,All ages,2812
47749,Super Data Zones,N21000634,Knockagh_G,2024,All Persons,All ages,2431
47764,Super Data Zones,N21000635,Knockagh_H,2024,All Persons,All ages,1980
47779,Super Data Zones,N21000636,Knockagh_J,2024,All Persons,All ages,1765
47794,Super Data Zones,N21000637,Carntogher_A,2024,All Persons,All ages,3014
47809,Super Data Zones,N21000638,Carntogher_B,2024,All Persons,All ages,2744
47824,Super Data Zones,N21000639,Carntogher_C,2024,All Persons,All ages,3419
47839,Super Data Zones,N21000640,Carntogher_D,2024,All Persons,All ages,3736
47854,Super Data Zones,N21000641,Carntogher_E,2024,All Persons,All ages,2334
47869,Super Data Zones,N21000642,Carntogher_F,2024,All Persons,All ages,1878
47884,Super Data Zones,N21000643,Moyola_A,2024,All Persons,All ages,1994
47899,Super Data Zones,N21000644,Moyola_B,2024,All Persons,All ages,1565
47914,Super Data Zones,N21000645,Moyola_C,2024,All Persons,All ages,3067
47929,Super Data Zones,N21000646,Moyola_D,2024,All Persons,All ages,1899
47944,Super Data Zones,N21000647,Moyola_E,2024,All Persons,All ages,2935
47959,Super Data Zones,N21000648,Moyola_F,2024,All Persons,All ages,2351
47974,Super Data Zones,N21000649,Moyola_G,2024,All Persons,All ages,2526
47989,Super Data Zones,N21000650,Moyola_H,2024,All Persons,All ages,2489
48004,Super Data Zones,N21000651,Magherafelt_A,2024,All Persons,All ages,2986
48019,Super Data Zones,N21000652,Magherafelt_B,2024,All Persons,All ages,2814
48034,Super Data Zones,N21000653,Magherafelt_C,2024,All Persons,All ages,3472
48049,Super Data Zones,N21000654,Magherafelt_D,2024,All Persons,All ages,3331
48064,Super Data Zones,N21000655,Magherafelt_E,2024,All Persons,All ages,2452
48079,Super Data Zones,N21000656,Magherafelt_F,2024,All Persons,All ages,2206
48094,Super Data Zones,N21000657,Magherafelt_G,2024,All Persons,All ages,2397
48109,Super Data Zones,N21000658,Cookstown_A,2024,All Persons,All ages,3138
48124,Super Data Zones,N21000659,Cookstown_B,2024,All Persons,All ages,3057
48139,Super Data Zones,N21000660,Cookstown_C,2024,All Persons,All ages,2602
48154,Super Data Zones,N21000661,Cookstown_D,2024,All Persons,All ages,2707
48169,Super Data Zones,N21000662,Cookstown_E,2024,All Persons,All ages,2478
48184,Super Data Zones,N21000663,Cookstown_F,2024,All Persons,All ages,2242
48199,Super Data Zones,N21000664,Cookstown_G,2024,All Persons,All ages,2039
48214,Super Data Zones,N21000665,Cookstown_H,2024,All Persons,All ages,2066
48229,Super Data Zones,N21000666,Cookstown_J,2024,All Persons,All ages,2928
48244,Super Data Zones,N21000667,Cookstown_K,2024,All Persons,All ages,1669
48259,Super Data Zones,N21000668,Torrent_A,2024,All Persons,All ages,3001
48274,Super Data Zones,N21000669,Torrent_B,2024,All Persons,All ages,2996
48289,Super Data Zones,N21000670,Torrent_C,2024,All Persons,All ages,2290
48304,Super Data Zones,N21000671,Torrent_D,2024,All Persons,All ages,3892
48319,Super Data Zones,N21000672,Torrent_E,2024,All Persons,All ages,2352
48334,Super Data Zones,N21000673,Torrent_F,2024,All Persons,All ages,3774
48349,Super Data Zones,N21000674,Torrent_G,2024,All Persons,All ages,2252
48364,Super Data Zones,N21000675,Torrent_H,2024,All Persons,All ages,2769
48379,Super Data Zones,N21000676,Dungannon_A,2024,All Persons,All ages,3409
48394,Super Data Zones,N21000677,Dungannon_B,2024,All Persons,All ages,2393
48409,Super Data Zones,N21000678,Dungannon_C,2024,All Persons,All ages,1331
48424,Super Data Zones,N21000679,Dungannon_D,2024,All Persons,All ages,3095
48439,Super Data Zones,N21000680,Dungannon_E,2024,All Persons,All ages,2666
48454,Super Data Zones,N21000681,Dungannon_F,2024,All Persons,All ages,3935
48469,Super Data Zones,N21000682,Dungannon_G,2024,All Persons,All ages,2907
48484,Super Data Zones,N21000683,Dungannon_H,2024,All Persons,All ages,2894
48499,Super Data Zones,N21000684,Dungannon_J,2024,All Persons,All ages,2128
48514,Super Data Zones,N21000685,Dungannon_K,2024,All Persons,All ages,1663
48529,Super Data Zones,N21000686,Clogher_Valley_A,2024,All Persons,All ages,3100
48544,Super Data Zones,N21000687,Clogher_Valley_B,2024,All Persons,All ages,3665
48559,Super Data Zones,N21000688,Clogher_Valley_C,2024,All Persons,All ages,1752
48574,Super Data Zones,N21000689,Clogher_Valley_D,2024,All Persons,All ages,3124
48589,Super Data Zones,N21000690,Clogher_Valley_E,2024,All Persons,All ages,4249
48604,Super Data Zones,N21000691,Clogher_Valley_F,2024,All Persons,All ages,3015
48619,Super Data Zones,N21000692,Clogher_Valley_G,2024,All Persons,All ages,2164
48634,Super Data Zones,N21000693,Clogher_Valley_H,2024,All Persons,All ages,1354
48649,Super Data Zones,N21000694,Slieve_Gullion_A,2024,All Persons,All ages,2638
48664,Super Data Zones,N21000695,Slieve_Gullion_B,2024,All Persons,All ages,2066
48679,Super Data Zones,N21000696,Slieve_Gullion_C,2024,All Persons,All ages,3141
48694,Super Data Zones,N21000697,Slieve_Gullion_D,2024,All Persons,All ages,2359
48709,Super Data Zones,N21000698,Slieve_Gullion_E,2024,All Persons,All ages,2746
48724,Super Data Zones,N21000699,Slieve_Gullion_F,2024,All Persons,All ages,3563
48739,Super Data Zones,N21000700,Slieve_Gullion_G,2024,All Persons,All ages,2757
48754,Super Data Zones,N21000701,Slieve_Gullion_H,2024,All Persons,All ages,3072
48769,Super Data Zones,N21000702,Slieve_Gullion_J,2024,All Persons,All ages,1895
48784,Super Data Zones,N21000703,Slieve_Gullion_K,2024,All Persons,All ages,2778
48799,Super Data Zones,N21000704,Slieve_Gullion_L,2024,All Persons,All ages,2318
48814,Super Data Zones,N21000705,Slieve_Gullion_N,2024,All Persons,All ages,1544
48829,Super Data Zones,N21000706,Newry_A,2024,All Persons,All ages,2836
48844,Super Data Zones,N21000707,Newry_B,2024,All Persons,All ages,2145
48859,Super Data Zones,N21000708,Newry_C,2024,All Persons,All ages,1669
48874,Super Data Zones,N21000709,Newry_D,2024,All Persons,All ages,2130
48889,Super Data Zones,N21000710,Newry_E,2024,All Persons,All ages,2149
48904,Super Data Zones,N21000711,Newry_F,2024,All Persons,All ages,2175
48919,Super Data Zones,N21000712,Newry_G,2024,All Persons,All ages,1942
48934,Super Data Zones,N21000713,Newry_H,2024,All Persons,All ages,1622
48949,Super Data Zones,N21000714,Newry_J,2024,All Persons,All ages,1755
48964,Super Data Zones,N21000715,Newry_K,2024,All Persons,All ages,2345
48979,Super Data Zones,N21000716,Newry_L,2024,All Persons,All ages,2773
48994,Super Data Zones,N21000717,Newry_N,2024,All Persons,All ages,2408
49009,Super Data Zones,N21000718,Newry_P,2024,All Persons,All ages,2024
49024,Super Data Zones,N21000719,Crotlieve_A,2024,All Persons,All ages,2978
49039,Super Data Zones,N21000720,Crotlieve_B,2024,All Persons,All ages,2843
49054,Super Data Zones,N21000721,Crotlieve_C,2024,All Persons,All ages,3037
49069,Super Data Zones,N21000722,Crotlieve_D,2024,All Persons,All ages,1678
49084,Super Data Zones,N21000723,Crotlieve_E,2024,All Persons,All ages,2213
49099,Super Data Zones,N21000724,Crotlieve_F,2024,All Persons,All ages,2478
49114,Super Data Zones,N21000725,Crotlieve_G,2024,All Persons,All ages,3276
49129,Super Data Zones,N21000726,Crotlieve_H,2024,All Persons,All ages,3010
49144,Super Data Zones,N21000727,Crotlieve_J,2024,All Persons,All ages,1739
49159,Super Data Zones,N21000728,Crotlieve_K,2024,All Persons,All ages,2831
49174,Super Data Zones,N21000729,Crotlieve_L,2024,All Persons,All ages,2410
49189,Super Data Zones,N21000730,The_Mournes_A,2024,All Persons,All ages,2350
49204,Super Data Zones,N21000731,The_Mournes_B,2024,All Persons,All ages,1964
49219,Super Data Zones,N21000732,The_Mournes_C,2024,All Persons,All ages,1565
49234,Super Data Zones,N21000733,The_Mournes_D,2024,All Persons,All ages,2408
49249,Super Data Zones,N21000734,The_Mournes_E,2024,All Persons,All ages,2296
49264,Super Data Zones,N21000735,The_Mournes_F,2024,All Persons,All ages,2357
49279,Super Data Zones,N21000736,The_Mournes_G,2024,All Persons,All ages,3662
49294,Super Data Zones,N21000737,The_Mournes_H,2024,All Persons,All ages,2103
49309,Super Data Zones,N21000738,The_Mournes_J,2024,All Persons,All ages,2091
49324,Super Data Zones,N21000739,The_Mournes_K,2024,All Persons,All ages,2961
49339,Super Data Zones,N21000740,The_Mournes_L,2024,All Persons,All ages,1780
49354,Super Data Zones,N21000741,The_Mournes_N,2024,All Persons,All ages,2088
49369,Super Data Zones,N21000742,The_Mournes_P,2024,All Persons,All ages,2730
49384,Super Data Zones,N21000743,Slieve_Croob_A,2024,All Persons,All ages,2636
49399,Super Data Zones,N21000744,Slieve_Croob_B,2024,All Persons,All ages,1336
49414,Super Data Zones,N21000745,Slieve_Croob_C,2024,All Persons,All ages,2821
49429,Super Data Zones,N21000746,Slieve_Croob_D,2024,All Persons,All ages,3078
49444,Super Data Zones,N21000747,Slieve_Croob_E,2024,All Persons,All ages,2628
49459,Super Data Zones,N21000748,Slieve_Croob_F,2024,All Persons,All ages,2009
49474,Super Data Zones,N21000749,Slieve_Croob_G,2024,All Persons,All ages,2994
49489,Super Data Zones,N21000750,Slieve_Croob_H,2024,All Persons,All ages,1518
49504,Super Data Zones,N21000751,Slieve_Croob_J,2024,All Persons,All ages,2661
49519,Super Data Zones,N21000752,Rowallane_A,2024,All Persons,All ages,1694
49534,Super Data Zones,N21000753,Rowallane_B,2024,All Persons,All ages,1906
49549,Super Data Zones,N21000754,Rowallane_C,2024,All Persons,All ages,2235
49564,Super Data Zones,N21000755,Rowallane_D,2024,All Persons,All ages,2272
49579,Super Data Zones,N21000756,Rowallane_E,2024,All Persons,All ages,2799
49594,Super Data Zones,N21000757,Rowallane_F,2024,All Persons,All ages,2623
49609,Super Data Zones,N21000758,Rowallane_G,2024,All Persons,All ages,3123
49624,Super Data Zones,N21000759,Rowallane_H,2024,All Persons,All ages,2750
49639,Super Data Zones,N21000760,Rowallane_J,2024,All Persons,All ages,1953
49654,Super Data Zones,N21000761,Downpatrick_A,2024,All Persons,All ages,2676
49669,Super Data Zones,N21000762,Downpatrick_B,2024,All Persons,All ages,1970
49684,Super Data Zones,N21000763,Downpatrick_C,2024,All Persons,All ages,2893
49699,Super Data Zones,N21000764,Downpatrick_D,2024,All Persons,All ages,2278
49714,Super Data Zones,N21000765,Downpatrick_E,2024,All Persons,All ages,2349
49729,Super Data Zones,N21000766,Downpatrick_F,2024,All Persons,All ages,1948
49744,Super Data Zones,N21000767,Downpatrick_G,2024,All Persons,All ages,2480
49759,Super Data Zones,N21000768,Downpatrick_H,2024,All Persons,All ages,2401
49774,Super Data Zones,N21000769,Downpatrick_J,2024,All Persons,All ages,1719
49789,Super Data Zones,N21000770,Downpatrick_K,2024,All Persons,All ages,1669
49804,Super Data Zones,N21000771,Comber_A,2024,All Persons,All ages,2005
49819,Super Data Zones,N21000772,Comber_B,2024,All Persons,All ages,2374
49834,Super Data Zones,N21000773,Comber_C,2024,All Persons,All ages,2958
49849,Super Data Zones,N21000774,Comber_D,2024,All Persons,All ages,2601
49864,Super Data Zones,N21000775,Comber_E,2024,All Persons,All ages,1397
49879,Super Data Zones,N21000776,Comber_F,2024,All Persons,All ages,3263
49894,Super Data Zones,N21000777,Comber_G,2024,All Persons,All ages,3038
49909,Super Data Zones,N21000778,Comber_H,2024,All Persons,All ages,2293
49924,Super Data Zones,N21000779,Newtownards_A,2024,All Persons,All ages,2352
49939,Super Data Zones,N21000780,Newtownards_B,2024,All Persons,All ages,1712
49954,Super Data Zones,N21000781,Newtownards_C,2024,All Persons,All ages,2082
49969,Super Data Zones,N21000782,Newtownards_D,2024,All Persons,All ages,1863
49984,Super Data Zones,N21000783,Newtownards_E,2024,All Persons,All ages,1391
49999,Super Data Zones,N21000784,Newtownards_F,2024,All Persons,All ages,1763
50014,Super Data Zones,N21000785,Newtownards_G,2024,All Persons,All ages,1942
50029,Super Data Zones,N21000786,Newtownards_H,2024,All Persons,All ages,2364
50044,Super Data Zones,N21000787,Newtownards_J,2024,All Persons,All ages,1700
50059,Super Data Zones,N21000788,Newtownards_K,2024,All Persons,All ages,1350
50074,Super Data Zones,N21000789,Newtownards_L,2024,All Persons,All ages,1366
50089,Super Data Zones,N21000790,Newtownards_N,2024,All Persons,All ages,2713
50104,Super Data Zones,N21000791,Newtownards_P,2024,All Persons,All ages,1671
50119,Super Data Zones,N21000792,Newtownards_Q,2024,All Persons,All ages,1757
50134,Super Data Zones,N21000793,Newtownards_R,2024,All Persons,All ages,1376
50149,Super Data Zones,N21000794,Newtownards_S,2024,All Persons,All ages,2319
50164,Super Data Zones,N21000795,Holywood_and_Clandeboye_A,2024,All Persons,All ages,1516
50179,Super Data Zones,N21000796,Holywood_and_Clandeboye_B,2024,All Persons,All ages,1042
50194,Super Data Zones,N21000797,Holywood_and_Clandeboye_C,2024,All Persons,All ages,1347
50209,Super Data Zones,N21000798,Holywood_and_Clandeboye_D,2024,All Persons,All ages,1699
50224,Super Data Zones,N21000799,Holywood_and_Clandeboye_E,2024,All Persons,All ages,1896
50239,Super Data Zones,N21000800,Holywood_and_Clandeboye_F,2024,All Persons,All ages,2264
50254,Super Data Zones,N21000801,Holywood_and_Clandeboye_G,2024,All Persons,All ages,2038
50269,Super Data Zones,N21000802,Holywood_and_Clandeboye_H,2024,All Persons,All ages,2211
50284,Super Data Zones,N21000803,Holywood_and_Clandeboye_J,2024,All Persons,All ages,1843
50299,Super Data Zones,N21000804,Holywood_and_Clandeboye_K,2024,All Persons,All ages,2246
50314,Super Data Zones,N21000805,Holywood_and_Clandeboye_L,2024,All Persons,All ages,2578
50329,Super Data Zones,N21000806,Bangor_West_A,2024,All Persons,All ages,3104
50344,Super Data Zones,N21000807,Bangor_West_B,2024,All Persons,All ages,1256
50359,Super Data Zones,N21000808,Bangor_West_C,2024,All Persons,All ages,1874
50374,Super Data Zones,N21000809,Bangor_West_D,2024,All Persons,All ages,2029
50389,Super Data Zones,N21000810,Bangor_West_E,2024,All Persons,All ages,2154
50404,Super Data Zones,N21000811,Bangor_West_F,2024,All Persons,All ages,2113
50419,Super Data Zones,N21000812,Bangor_West_G,2024,All Persons,All ages,2185
50434,Super Data Zones,N21000813,Bangor_West_H,2024,All Persons,All ages,2682
50449,Super Data Zones,N21000814,Bangor_West_J,2024,All Persons,All ages,2670
50464,Super Data Zones,N21000815,Bangor_Central_A,2024,All Persons,All ages,1607
50479,Super Data Zones,N21000816,Bangor_Central_B,2024,All Persons,All ages,2329
50494,Super Data Zones,N21000817,Bangor_Central_C,2024,All Persons,All ages,1797
50509,Super Data Zones,N21000818,Bangor_Central_D,2024,All Persons,All ages,1505
50524,Super Data Zones,N21000819,Bangor_Central_E,2024,All Persons,All ages,2033
50539,Super Data Zones,N21000820,Bangor_Central_F,2024,All Persons,All ages,1356
50554,Super Data Zones,N21000821,Bangor_Central_G,2024,All Persons,All ages,1673
50569,Super Data Zones,N21000822,Bangor_Central_H,2024,All Persons,All ages,1375
50584,Super Data Zones,N21000823,Bangor_Central_J,2024,All Persons,All ages,2270
50599,Super Data Zones,N21000824,Bangor_Central_K,2024,All Persons,All ages,2074
50614,Super Data Zones,N21000825,Bangor_Central_L,2024,All Persons,All ages,2091
50629,Super Data Zones,N21000826,Bangor_Central_N,2024,All Persons,All ages,1634
50644,Super Data Zones,N21000827,Bangor_Central_P,2024,All Persons,All ages,2409
50659,Super Data Zones,N21000828,Bangor_Central_Q,2024,All Persons,All ages,2593
50674,Super Data Zones,N21000829,Bangor_East_and_Donaghadee_A,2024,All Persons,All ages,1191
50689,Super Data Zones,N21000830,Bangor_East_and_Donaghadee_B,2024,All Persons,All ages,2669
50704,Super Data Zones,N21000831,Bangor_East_and_Donaghadee_C,2024,All Persons,All ages,2133
50719,Super Data Zones,N21000832,Bangor_East_and_Donaghadee_D,2024,All Persons,All ages,1194
50734,Super Data Zones,N21000833,Bangor_East_and_Donaghadee_E,2024,All Persons,All ages,1479
50749,Super Data Zones,N21000834,Bangor_East_and_Donaghadee_F,2024,All Persons,All ages,2349
50764,Super Data Zones,N21000835,Bangor_East_and_Donaghadee_G,2024,All Persons,All ages,3148
50779,Super Data Zones,N21000836,Bangor_East_and_Donaghadee_H,2024,All Persons,All ages,3234
50794,Super Data Zones,N21000837,Bangor_East_and_Donaghadee_J,2024,All Persons,All ages,2615
50809,Super Data Zones,N21000838,Bangor_East_and_Donaghadee_K,2024,All Persons,All ages,2880
50824,Super Data Zones,N21000839,Ards_Peninsula_A,2024,All Persons,All ages,2523
50839,Super Data Zones,N21000840,Ards_Peninsula_B,2024,All Persons,All ages,1617
50854,Super Data Zones,N21000841,Ards_Peninsula_C,2024,All Persons,All ages,2553
50869,Super Data Zones,N21000842,Ards_Peninsula_D,2024,All Persons,All ages,3103
50884,Super Data Zones,N21000843,Ards_Peninsula_E,2024,All Persons,All ages,1970
50899,Super Data Zones,N21000844,Ards_Peninsula_F,2024,All Persons,All ages,1957
50914,Super Data Zones,N21000845,Ards_Peninsula_G,2024,All Persons,All ages,1359
50929,Super Data Zones,N21000846,Ards_Peninsula_H,2024,All Persons,All ages,1962
50944,Super Data Zones,N21000847,Ards_Peninsula_J,2024,All Persons,All ages,2272
50959,Super Data Zones,N21000848,Ards_Peninsula_K,2024,All Persons,All ages,1420
50974,Super Data Zones,N21000849,Ards_Peninsula_L,2024,All Persons,All ages,2313
50989,Super Data Zones,N21000850,Ards_Peninsula_N,2024,All Persons,All ages,2336
